address,orientation
10 MELNOTTE AVENUE,NW
11 MELNOTTE AVENUE,W
12 MELNOTTE AVENUE,SE
13 MELNOTTE AVENUE,NW
14 MELNOTTE AVENUE,SE
15 MELNOTTE AVENUE,NW
17 MELNOTTE AVENUE,NW
37 BABBAGE ROAD,SW
39 BABBAGE ROAD,SW
40 BABBAGE ROAD,NW
41 BABBAGE ROAD,W
472 PENSHURST STREET,E
474 PENSHURST STREET,E
43 WILLIAM STREET,W
44 WILLIAM STREET,NW
"UNIT 4, 167 PACIFIC HIGHWAY",NW
"UNIT 7, 167 PACIFIC HIGHWAY",NW
"UNIT 9, 167 PACIFIC HIGHWAY",W
170 PACIFIC HIGHWAY,SW
172 PACIFIC HIGHWAY,SW
"UNIT 10, 174 PACIFIC HIGHWAY",S
"UNIT 11, 174 PACIFIC HIGHWAY",S
5 SCOTT CRESCENT,E
6 SCOTT CRESCENT,E
71 BABBAGE ROAD,SE
73 BABBAGE ROAD,SE
74 BABBAGE ROAD,SE
75 BABBAGE ROAD,W
"UNIT 5, 184 PACIFIC HIGHWAY",W
"UNIT 6, 184 PACIFIC HIGHWAY",S
"UNIT 2, 19-21 PACIFIC HIGHWAY",SW
"UNIT 3, 19-21 PACIFIC HIGHWAY",SW
"UNIT 8, 19-21 PACIFIC HIGHWAY",N
45 WILLIAM STREET,N
46 WILLIAM STREET,N
47 WILLIAM STREET,NE
48 WILLIAM STREET,SE
49 WILLIAM STREET,S
77 BABBAGE ROAD,N
79 BABBAGE ROAD,S
81 BABBAGE ROAD,S
83 BABBAGE ROAD,W
110 PACIFIC HIGHWAY,S
132 PACIFIC HIGHWAY,N
"UNIT 10, 134 PACIFIC HIGHWAY",SE
"UNIT 2, 134 PACIFIC HIGHWAY",SW
10 CLIVE STREET,SW
12 CLIVE STREET,W
95 BABBAGE ROAD,S
96 BABBAGE ROAD,SE
8 PARK AVENUE,S
417 PENSHURST STREET,SW
419 PENSHURST STREET,SW
421 PENSHURST STREET,SE
55 BOUNDARY STREET,W
11 KOONGARA ROAD,W
12 KOONGARA ROAD,NE
14 KOONGARA ROAD,W
16 KOONGARA ROAD,SW
18 KOONGARA ROAD,NW
81 BOUNDARY STREET,N
17 ARCHBOLD ROAD,E
19A ARCHBOLD ROAD,W
19 ARCHBOLD ROAD,N
20 ARCHBOLD ROAD,SW
21 ARCHBOLD ROAD,SE
22A ARCHBOLD ROAD,SW
24 ARCHBOLD ROAD,SW
25 ARCHBOLD ROAD,SW
26 ARCHBOLD ROAD,S
78 BOUNDARY STREET,NW
79 BOUNDARY STREET,NW
3 GREGORY STREET,SE
7 GREGORY STREET,W
2 BROMBOROUGH ROAD,W
20 BROMBOROUGH ROAD,E
22 BROMBOROUGH ROAD,E
23 BROMBOROUGH ROAD,E
24 BROMBOROUGH ROAD,NW
134 PACIFIC HIGHWAY,W
136 PACIFIC HIGHWAY,SE
148 PACIFIC HIGHWAY,SE
"UNIT 1, 154 PACIFIC HIGHWAY",W
"UNIT 3, 154 PACIFIC HIGHWAY",NW
"UNIT 10, 167 PACIFIC HIGHWAY",W
"UNIT 12, 167 PACIFIC HIGHWAY",NW
"UNIT 13, 167 PACIFIC HIGHWAY",NW
"UNIT 2, 167 PACIFIC HIGHWAY",NE
"UNIT 1, 18 PACIFIC HIGHWAY",NW
5 KOONGARA ROAD,NW
6 KOONGARA ROAD,SW
77 BOUNDARY STREET,NE
26A VICTORIA AVENUE,NE
13 TELAK CLOSE,SW
103 ASHLEY STREET,NW
113 ASHLEY STREET,SW
115 ASHLEY STREET,S
117 ASHLEY STREET,N
123 ASHLEY STREET,E
125 ASHLEY STREET,E
135 ASHLEY STREET,E
141 ASHLEY STREET,E
143 ASHLEY STREET,SE
147 ASHLEY STREET,E
149 ASHLEY STREET,E
151 ASHLEY STREET,N
153 ASHLEY STREET,E
155 ASHLEY STREET,E
157 ASHLEY STREET,SE
159 ASHLEY STREET,S
165 ASHLEY STREET,N
45 ASHLEY STREET,E
47 ASHLEY STREET,W
49 ASHLEY STREET,NW
51 ASHLEY STREET,SE
55 ASHLEY STREET,NW
59 ASHLEY STREET,NW
61 ASHLEY STREET,NW
69 ASHLEY STREET,W
71 ASHLEY STREET,W
73 ASHLEY STREET,SW
81 ASHLEY STREET,W
83 ASHLEY STREET,NW
95 ASHLEY STREET,E
"UNIT 308, 16 ARTARMON ROAD",E
"UNIT 105, 1015 PACIFIC HIGHWAY",NW
"UNIT 205, 1015 PACIFIC HIGHWAY",W
"UNIT 101, 1015 PACIFIC HIGHWAY",W
"UNIT 136, 1015 PACIFIC HIGHWAY",W
"UNIT 102, 1015 PACIFIC HIGHWAY",W
"UNIT 409, 1015 PACIFIC HIGHWAY",W
"UNIT 133, 1015 PACIFIC HIGHWAY",S
"UNIT 602, 1015 PACIFIC HIGHWAY",SW
"UNIT 212, 1015 PACIFIC HIGHWAY",NE
"UNIT 210, 1015 PACIFIC HIGHWAY",SE
10C THE OUTPOST,SE
"UNIT 211, 1015 PACIFIC HIGHWAY",W
"UNIT 307, 1015 PACIFIC HIGHWAY",E
"UNIT 608, 1015 PACIFIC HIGHWAY",W
"UNIT 128, 1015 PACIFIC HIGHWAY",SW
"UNIT 405, 1015 PACIFIC HIGHWAY",NW
7 CHARLES STREET,NW
22 THE PARAPET,NE
24 THE PARAPET,NE
27 THE PARAPET,NE
109 EASTERN VALLEY WAY,NW
73 EASTERN VALLEY WAY,SW
3 THE BARRICADE,W
7 THE BARRICADE,W
9 THE BARRICADE,W
18 HOLLY STREET,W
2A HOLLY STREET,W
2B HOLLY STREET,W
26 HOLLY STREET,N
44 HOLLY STREET,N
7 HOLLY STREET,N
8 HOLLY STREET,E
36 CAMMARAY ROAD,NW
1 CAMMARAY ROAD,NW
10 CAMMARAY ROAD,NE
12 CAMMARAY ROAD,NE
23 CAMMARAY ROAD,NE
30 CAMMARAY ROAD,NE
34 CAMMARAY ROAD,NE
4 WIDGIEWA ROAD,NE
6 THE PARAPET,W
11 THE RAMPART,N
"UNIT 1, 125 EASTERN VALLEY WAY",E
30A ORMONDE ROAD,SW
1 THE KINGSWAY,SW
12 THE KINGSWAY,SW
13 THE KINGSWAY,SE
14 THE KINGSWAY,W
15A THE KINGSWAY,N
15 THE KINGSWAY,N
16 THE KINGSWAY,SE
2 THE KINGSWAY,NW
1 BABBAGE ROAD,E
101 BABBAGE ROAD,NE
11 BABBAGE ROAD,S
15 BABBAGE ROAD,NE
23 BABBAGE ROAD,SW
25 BABBAGE ROAD,SW
3 BABBAGE ROAD,SE
17 DUDLEY AVENUE,SE
20 DUDLEY AVENUE,SW
22 DUDLEY AVENUE,NE
23 DUDLEY AVENUE,SW
35 LONGFORD STREET,SW
5 LONGFORD STREET,NW
6 LONGFORD STREET,SE
47 PACIFIC HIGHWAY,NW
"UNIT 2, 49 PACIFIC HIGHWAY",NE
"UNIT 4, 49 PACIFIC HIGHWAY",S
49 PACIFIC HIGHWAY,NW
43 GRIFFITH AVENUE,NW
47 GRIFFITH AVENUE,NW
51 GRIFFITH AVENUE,W
53 GRIFFITH AVENUE,SW
55 GRIFFITH AVENUE,NW
16 BARANA PARADE,SW
17 BARANA PARADE,SW
19 BARANA PARADE,N
20 BARANA PARADE,E
21 BARANA PARADE,S
20 DUNTROON AVENUE,S
21 DUNTROON AVENUE,SW
"UNIT 36, 5-17 PACIFIC HIGHWAY",N
"UNIT 37, 5-17 PACIFIC HIGHWAY",SW
23 THOMAS AVENUE,SW
24 THOMAS AVENUE,SE
27 THOMAS AVENUE,W
28 THOMAS AVENUE,NW
29 THOMAS AVENUE,NW
3 THOMAS AVENUE,NW
"UNIT 44, 5-17 PACIFIC HIGHWAY",W
"UNIT 46, 5-17 PACIFIC HIGHWAY",W
"UNIT 47, 5-17 PACIFIC HIGHWAY",W
"UNIT 48, 5-17 PACIFIC HIGHWAY",W
"UNIT 50, 5-17 PACIFIC HIGHWAY",NW
"UNIT 51, 5-17 PACIFIC HIGHWAY",SE
"UNIT 6, 5-17 PACIFIC HIGHWAY",W
"UNIT 7, 5-17 PACIFIC HIGHWAY",W
"UNIT 8, 5-17 PACIFIC HIGHWAY",W
"UNIT 9, 5-17 PACIFIC HIGHWAY",W
26 TRAFALGAR AVENUE,W
29 TRAFALGAR AVENUE,SE
10B BOUNDARY STREET,W
101 BOUNDARY STREET,NE
103 BOUNDARY STREET,NW
31 MARGARET STREET,E
5 MARGARET STREET,E
7 MARGARET STREET,E
41 BROMBOROUGH ROAD,E
42 BROMBOROUGH ROAD,E
43 BROMBOROUGH ROAD,S
7 HAIG STREET,S
9 HAIG STREET,S
98 BOUNDARY STREET,S
1A BROMBOROUGH ROAD,S
10 BROMBOROUGH ROAD,S
12 BROMBOROUGH ROAD,NW
14 BROMBOROUGH ROAD,NW
15 BROMBOROUGH ROAD,NW
17 BROMBOROUGH ROAD,NW
18 BROMBOROUGH ROAD,NW
"UNIT 7, 134 PACIFIC HIGHWAY",SW
"UNIT 8, 134 PACIFIC HIGHWAY",SW
"UNIT 5, 154 PACIFIC HIGHWAY",NE
"UNIT 7, 154 PACIFIC HIGHWAY",SW
7 EDITH STREET,NW
32B REMBRANDT DRIVE,NW
279 EASTERN VALLEY WAY,NE
281 EASTERN VALLEY WAY,NE
285 EASTERN VALLEY WAY,NE
"APARTMENT 506B, 34 PENSHURST STREET",NW
"UNIT 402, 11 VICTORIA STREET",NW
"UNIT 1, 11 VICTORIA STREET",NW
"APARTMENT 303B, 34 PENSHURST STREET",NW
"UNIT 302, 11 VICTORIA STREET",NW
"APARTMENT 406B, 34 PENSHURST STREET",NE
"APARTMENT 310A, 34 PENSHURST STREET",SW
"UNIT 206, 9 VICTORIA STREET",SW
"APARTMENT 205B, 34 PENSHURST STREET",W
"UNIT 207, 9 VICTORIA STREET",NE
"APARTMENT 308B, 34 PENSHURST STREET",SW
"APARTMENT 403B, 34 PENSHURST STREET",NW
"APARTMENT 204A, 34 PENSHURST STREET",NW
"UNIT 403, 11 VICTORIA STREET",SE
"APARTMENT 404B, 34 PENSHURST STREET",SE
"UNIT 203, 11 VICTORIA STREET",N
"APARTMENT 402A, 34 PENSHURST STREET",E
"UNIT 3, 42 FRENCHS ROAD",E
1 HARBOUR LANE,W
"UNIT 1, 1A ARTARMON ROAD",W
"UNIT 2, 1A ARTARMON ROAD",SE
"UNIT 3, 1A ARTARMON ROAD",NW
"UNIT 4, 1A ARTARMON ROAD",NW
"UNIT 15, 174 PACIFIC HIGHWAY",NW
"UNIT 16, 55 PACIFIC HIGHWAY",SW
"UNIT 21, 174 PACIFIC HIGHWAY",NW
"UNIT 22, 174 PACIFIC HIGHWAY",S
"UNIT 26, 55 PACIFIC HIGHWAY",W
"UNIT 36, 180 PACIFIC HIGHWAY",NW
124-130 PACIFIC HIGHWAY,NW
86A MACQUARIE STREET,NW
124 PACIFIC HIGHWAY,S
3B MELNOTTE AVENUE,SW
30 GRIFFITH AVENUE,N
5A TUNKS STREET,NE
42 ARCHBOLD ROAD,SE
"UNIT 16, 6-10 CHURCH STREET",S
"UNIT 15, 6-10 CHURCH STREET",NW
"UNIT 14, 6-10 CHURCH STREET",SW
"UNIT 13, 6-10 CHURCH STREET",E
"UNIT 12, 174 PACIFIC HIGHWAY",NE
"UNIT 13, 174 PACIFIC HIGHWAY",NE
"UNIT 16, 174 PACIFIC HIGHWAY",N
"UNIT 18, 174 PACIFIC HIGHWAY",SW
"UNIT 13, 6 VICTORIA STREET",S
"UNIT 207, 7 VICTORIA STREET",NW
"UNIT 8, 1 VICTORIA STREET",E
"UNIT 202, 1 VICTORIA STREET",W
10A THE POSTERN,W
"UNIT 10, 10 NOLA ROAD",W
"UNIT 11, 10 NOLA ROAD",E
"UNIT 12, 10 NOLA ROAD",N
"UNIT 13, 10 NOLA ROAD",S
"UNIT 14, 10 NOLA ROAD",N
"UNIT 1, 8 NOLA ROAD",SW
"UNIT 2, 10 NOLA ROAD",NE
"UNIT 2, 12 NOLA ROAD",S
"UNIT 3, 10 NOLA ROAD",S
"UNIT 3, 8 NOLA ROAD",N
"UNIT 4, 10 NOLA ROAD",N
"UNIT 5, 10 NOLA ROAD",N
"UNIT 5, 12 NOLA ROAD",W
"UNIT 6, 10 NOLA ROAD",W
"UNIT 7, 10 NOLA ROAD",N
"UNIT 7, 12 NOLA ROAD",N
"UNIT 8, 12 NOLA ROAD",N
"UNIT 9, 10 NOLA ROAD",SW
"UNIT 9, 12 NOLA ROAD",N
11 REMBRANDT DRIVE,S
10 REMBRANDT DRIVE,N
9 CAMBRIDGE STREET,N
81A REMBRANDT DRIVE,W
40 STRATHALLEN AVENUE,W
42 STRATHALLEN AVENUE,N
43 STRATHALLEN AVENUE,N
45 STRATHALLEN AVENUE,N
47 STRATHALLEN AVENUE,SW
5 STRATHALLEN AVENUE,N
57 STRATHALLEN AVENUE,S
6 STRATHALLEN AVENUE,N
"UNIT 1, 60 STRATHALLEN AVENUE",N
54-58A FRENCHS ROAD,W
71 KAMERUKA ROAD,W
75 KAMERUKA ROAD,N
77 KAMERUKA ROAD,N
78 KAMERUKA ROAD,N
79 KAMERUKA ROAD,SW
8 KAMERUKA ROAD,N
81 KAMERUKA ROAD,S
83 KAMERUKA ROAD,N
84 KAMERUKA ROAD,NE
89 KAMERUKA ROAD,NE
9 KAMERUKA ROAD,N
91 KAMERUKA ROAD,W
92 KAMERUKA ROAD,W
95 KAMERUKA ROAD,N
98 KAMERUKA ROAD,N
45 BROMBOROUGH ROAD,N
48 BROMBOROUGH ROAD,SW
49 BROMBOROUGH ROAD,N
"UNIT 11, 180 PACIFIC HIGHWAY",S
"UNIT 12, 180 PACIFIC HIGHWAY",N
"UNIT 15, 180 PACIFIC HIGHWAY",N
"UNIT 16, 180 PACIFIC HIGHWAY",W
"UNIT 17, 180 PACIFIC HIGHWAY",W
11 KING EDWARD STREET,N
12 KING EDWARD STREET,N
"UNIT 4, 174 PACIFIC HIGHWAY",N
"UNIT 6, 174 PACIFIC HIGHWAY",SW
"UNIT 7, 174 PACIFIC HIGHWAY",N
20 VICTORIA STREET,S
21 VICTORIA STREET,N
7 PARADISE AVENUE,N
8 PARADISE AVENUE,S
1 PARK AVENUE,E
11 PARK AVENUE,NE
12 PARK AVENUE,NE
14 PARK AVENUE,NE
22 LUXOR PARADE,NE
28 LUXOR PARADE,NW
14 CALGA STREET,N
17 CALGA STREET,N
21 CALGA STREET,N
22 GRIFFITH AVENUE,E
27 GRIFFITH AVENUE,W
28 GRIFFITH AVENUE,W
3 GRIFFITH AVENUE,W
32 GRIFFITH AVENUE,SW
34 GRIFFITH AVENUE,S
35 GRIFFITH AVENUE,SW
37 GRIFFITH AVENUE,S
39 GRIFFITH AVENUE,S
48 BABBAGE ROAD,E
49 BABBAGE ROAD,N
5 BABBAGE ROAD,NE
56 BABBAGE ROAD,NE
"UNIT 39, 5-17 PACIFIC HIGHWAY",W
"UNIT 4, 5-17 PACIFIC HIGHWAY",W
"UNIT 40, 5-17 PACIFIC HIGHWAY",S
"UNIT 42, 5-17 PACIFIC HIGHWAY",W
61 DUNTROON AVENUE,SE
63 DUNTROON AVENUE,SW
"UNIT 5, 55 PACIFIC HIGHWAY",E
"UNIT 7, 55 PACIFIC HIGHWAY",SE
2 TRAFALGAR AVENUE,E
21 TRAFALGAR AVENUE,E
23 TRAFALGAR AVENUE,N
68 PACIFIC HIGHWAY,SE
70 PACIFIC HIGHWAY,E
72 PACIFIC HIGHWAY,SE
76 PACIFIC HIGHWAY,N
79-81 PACIFIC HIGHWAY,E
83 PACIFIC HIGHWAY,SE
84A PACIFIC HIGHWAY,W
86 PACIFIC HIGHWAY,SE
89 PACIFIC HIGHWAY,S
90 PACIFIC HIGHWAY,E
101 MACQUARIE STREET,NW
109 MACQUARIE STREET,NW
111 MACQUARIE STREET,NW
74 MACQUARIE STREET,W
960 PACIFIC HIGHWAY,S
18 WARRANE ROAD,NE
20 WARRANE ROAD,SE
"UNIT 7, 10 VICTORIA STREET",SW
11 VICTORIA STREET,N
12 VICTORIA STREET,W
14 VICTORIA STREET,SW
17 PARK AVENUE,NW
18 PARK AVENUE,SE
44 VICTORIA STREET,NW
45 VICTORIA STREET,N
24 WILLIAM STREET,SW
27 WILLIAM STREET,W
30 WILLIAM STREET,N
85 BABBAGE ROAD,NE
87 BABBAGE ROAD,NE
88 BABBAGE ROAD,NE
89 BABBAGE ROAD,NW
91 BABBAGE ROAD,SW
92 BABBAGE ROAD,SW
93 BABBAGE ROAD,SW
"UNIT 21, 184 PACIFIC HIGHWAY",NE
"UNIT 25, 184 PACIFIC HIGHWAY",W
56 GRIFFITH AVENUE,W
58 GRIFFITH AVENUE,W
59 GRIFFITH AVENUE,W
6 GRIFFITH AVENUE,SW
61 GRIFFITH AVENUE,S
182 PACIFIC HIGHWAY,W
11 THE QUARTERDECK,E
105A BOUNDARY STREET,N
19 ARTARMON ROAD,SW
15 ARTARMON ROAD,NE
2 HORSLEY AVENUE,SW
53 PENSHURST STREET,NE
54 PENSHURST STREET,E
55 PENSHURST STREET,E
20 WINDSOR ROAD,NE
21 WINDSOR ROAD,NW
4 WINDSOR ROAD,NW
3 PENSHURST STREET,NW
52 PENSHURST STREET,W
69 PENSHURST STREET,SE
7 PENSHURST STREET,NW
1 ZARA ROAD,SE
2 ZARA ROAD,SW
3 ZARA ROAD,SW
7 ZARA ROAD,W
8 ZARA ROAD,NW
64 EDINBURGH ROAD,SW
72 EDINBURGH ROAD,W
74 EDINBURGH ROAD,SW
8 EDINBURGH ROAD,E
18A NARDOO ROAD,E
18 NARDOO ROAD,NW
11 NARDOO ROAD,W
13 NARDOO ROAD,SW
16 NARDOO ROAD,NW
3 NARDOO ROAD,SW
4 NARDOO ROAD,S
6 NARDOO ROAD,S
7 NARDOO ROAD,W
8 NARDOO ROAD,S
9 NARDOO ROAD,W
"UNIT 2, 90B PACIFIC HIGHWAY",W
"UNIT 2, 96 PACIFIC HIGHWAY",S
"UNIT 3, 92 PACIFIC HIGHWAY",S
70B PACIFIC HIGHWAY,W
56 EDINBURGH ROAD,W
15 HARDEN AVENUE,NW
29B HARDEN AVENUE,N
10 HARDEN AVENUE,N
89 WARRANE ROAD,W
"UNIT 11, 22 NEEWORRA ROAD",N
"UNIT 102, 16 ARTARMON ROAD",S
8A LUCKNOW STREET,SW
"UNIT 103, 16 ARTARMON ROAD",SW
"UNIT 101, 16 ARTARMON ROAD",S
"UNIT 301, 16 ARTARMON ROAD",W
"UNIT 401, 16 ARTARMON ROAD",S
"UNIT 306, 16 ARTARMON ROAD",N
"UNIT 205, 16 ARTARMON ROAD",W
"UNIT 115, 1015 PACIFIC HIGHWAY",S
"LEVEL 1, 165 EASTERN VALLEY WAY",N
23A ARCHBOLD ROAD,SE
12A HUDSON AVENUE,NW
9A HUDSON AVENUE,NW
66A PACIFIC HIGHWAY,NW
18 MELNOTTE AVENUE,N
10 WARRANE ROAD,NE
12 WARRANE ROAD,W
4 WARRANE ROAD,SW
50 TUNKS STREET,SE
52 TUNKS STREET,NW
41 THE RAMPART,NW
48 THE RAMPART,NW
30 THE RAMPART,NW
32 THE RAMPART,NW
36 THE RAMPART,SE
38 THE RAMPART,SE
4 THE RAMPART,W
40 THE RAMPART,S
42 THE RAMPART,W
44 THE RAMPART,N
46 THE RAMPART,S
20 CHARLES STREET,S
91 EASTERN VALLEY WAY,S
97 EASTERN VALLEY WAY,S
99 EASTERN VALLEY WAY,W
"UNIT 33, 60 STRATHALLEN AVENUE",W
"APARTMENT 402B, 34 PENSHURST STREET",W
"APARTMENT 409B, 34 PENSHURST STREET",N
"UNIT 206, 11 VICTORIA STREET",N
"APARTMENT 303A, 34 PENSHURST STREET",E
"UNIT 209, 1 VICTORIA STREET",E
"UNIT 301, 7 VICTORIA STREET",E
"UNIT 305, 7 VICTORIA STREET",SE
"UNIT 201, 1 VICTORIA STREET",SW
"UNIT 107, 5 VICTORIA STREET",N
34A NAROOMA ROAD,S
"UNIT 109, 1 VICTORIA STREET",W
"UNIT 5, 5 VICTORIA STREET",W
"UNIT 203, 3 VICTORIA STREET",W
"UNIT 1, 3 VICTORIA STREET",N
"UNIT 301, 5 VICTORIA STREET",NW
"UNIT 209, 3 VICTORIA STREET",NE
"UNIT 402, 1 VICTORIA STREET",SW
"UNIT 202, 3 VICTORIA STREET",SW
"UNIT 3, 7 VICTORIA STREET",N
173 EASTERN VALLEY WAY,N
11 SUGARLOAF CRESCENT,SW
110 SUGARLOAF CRESCENT,NE
32 SUGARLOAF CRESCENT,W
35 SUGARLOAF CRESCENT,NE
12 THE POSTERN,NE
14 THE POSTERN,NE
"UNIT 1, 3 THE POSTERN",NE
"UNIT 3, 3 THE POSTERN",NW
3 THE POSTERN,E
6 THE POSTERN,NW
165 DEEPWATER ROAD,W
166 DEEPWATER ROAD,SW
167 DEEPWATER ROAD,NW
168 DEEPWATER ROAD,SW
169 DEEPWATER ROAD,S
199 DEEPWATER ROAD,N
20A DEEPWATER ROAD,NW
3 DEEPWATER ROAD,S
30 DEEPWATER ROAD,E
32 DEEPWATER ROAD,S
34 DEEPWATER ROAD,SE
45 DEEPWATER ROAD,NW
54A DEEPWATER ROAD,SW
8 THE POSTERN,NW
9 THE POSTERN,SW
11 HOLLY STREET,W
12 HOLLY STREET,SW
14 HOLLY STREET,NW
15A HOLLY STREET,S
9A HOLLY STREET,N
"UNIT 16, 16 TRAFALGAR AVENUE",NW
4 AMAROO AVENUE,NW
5 AMAROO AVENUE,E
6 AMAROO AVENUE,N
54 CAMMARAY ROAD,N
6 CAMMARAY ROAD,N
7 CAMMARAY ROAD,N
8 CAMMARAY ROAD,N
14 CAMMARAY ROAD,S
17 CAMMARAY ROAD,W
19 CAMMARAY ROAD,NW
2 CAMMARAY ROAD,W
21 CAMMARAY ROAD,NE
40 CAMMARAY ROAD,N
69 DEEPWATER ROAD,N
75 DEEPWATER ROAD,N
77 DEEPWATER ROAD,S
78 DEEPWATER ROAD,N
79 DEEPWATER ROAD,E
35 DEEPWATER ROAD,E
39 DEEPWATER ROAD,E
41 DEEPWATER ROAD,N
42 DEEPWATER ROAD,W
56 DEEPWATER ROAD,S
57 DEEPWATER ROAD,W
58 DEEPWATER ROAD,S
59 DEEPWATER ROAD,S
61 DEEPWATER ROAD,W
63 DEEPWATER ROAD,NW
81 DEEPWATER ROAD,N
94 DEEPWATER ROAD,N
"UNIT 2, 132 PACIFIC HIGHWAY",E
"UNIT 1, 104 PACIFIC HIGHWAY",S
"UNIT 13, 16 TRAFALGAR AVENUE",W
1 AMAROO AVENUE,S
13 AMAROO AVENUE,W
19 AMAROO AVENUE,E
2 AMAROO AVENUE,S
80 DEEPWATER ROAD,W
22 THE RAMPART,S
25 THE RAMPART,N
27 THE RAMPART,SW
29 THE RAMPART,N
97 DEEPWATER ROAD,N
98 DEEPWATER ROAD,W
99 DEEPWATER ROAD,S
331 EASTERN VALLEY WAY,N
335 EASTERN VALLEY WAY,N
351 EASTERN VALLEY WAY,W
359 EASTERN VALLEY WAY,W
58 MACQUARIE STREET,W
60 MACQUARIE STREET,W
71 MACQUARIE STREET,N
72 MACQUARIE STREET,N
73 MACQUARIE STREET,N
75 MACQUARIE STREET,NW
79 MACQUARIE STREET,NW
5 GERALD AVENUE,NW
6 GERALD AVENUE,SE
8 GERALD AVENUE,NW
1 ALISON STREET,N
12 ALISON STREET,W
3 TRAFALGAR AVENUE,S
30 TRAFALGAR AVENUE,S
32 TRAFALGAR AVENUE,E
34 TRAFALGAR AVENUE,E
38 TRAFALGAR AVENUE,SE
4 TRAFALGAR AVENUE,S
94 PACIFIC HIGHWAY,N
952 PACIFIC HIGHWAY,N
958A PACIFIC HIGHWAY,NE
27 WARRANE ROAD,NW
29 WARRANE ROAD,N
3 WARRANE ROAD,NW
31 WARRANE ROAD,S
33 WARRANE ROAD,N
9 VICTORIA STREET,NW
23 VICTORIA STREET,SW
25 VICTORIA STREET,S
27 VICTORIA STREET,SW
29 VICTORIA STREET,E
3 VICTORIA STREET,NE
33 VICTORIA STREET,NE
38 VICTORIA STREET,NE
23 THE KINGSWAY,NE
25 THE KINGSWAY,E
5 THE KINGSWAY,NE
10 WARRANE ROAD,N
12 WARRANE ROAD,N
14 WARRANE ROAD,NE
22 WARRANE ROAD,SW
23 WARRANE ROAD,SW
24 WARRANE ROAD,W
134A EASTERN VALLEY WAY,N
"UNIT 205, 120 PENSHURST STREET",S
"UNIT 204, 120 PENSHURST STREET",N
2A PARK AVENUE,N
20 PARK AVENUE,NE
28 PARK AVENUE,SW
50 VICTORIA STREET,NE
51 VICTORIA STREET,NE
4 PARK AVENUE,NW
40 PARK AVENUE,SE
42 PARK AVENUE,SE
44 PARK AVENUE,W
46 PARK AVENUE,W
6 PARK AVENUE,W
14 WILLIAM STREET,W
15 WILLIAM STREET,W
17 WILLIAM STREET,NW
19 WILLIAM STREET,NW
2 WILLIAM STREET,E
449 PENSHURST STREET,SW
451 PENSHURST STREET,SW
453 PENSHURST STREET,NW
455 PENSHURST STREET,NE
458 PENSHURST STREET,SW
459 PENSHURST STREET,NE
34 WILLIAM STREET,S
38 WILLIAM STREET,SW
41 WILLIAM STREET,E
"UNIT 104, 120 PENSHURST STREET",SW
"UNIT 207, 120 PENSHURST STREET",W
"UNIT 106, 120 PENSHURST STREET",NE
"UNIT 7, 7 VICTORIA STREET",SW
"UNIT 201, 7 VICTORIA STREET",NW
"UNIT 1, 170 PACIFIC HIGHWAY",SE
"UNIT 20, 174 PACIFIC HIGHWAY",SE
"UNIT 20, 180 PACIFIC HIGHWAY",E
"UNIT 20, 55 PACIFIC HIGHWAY",NE
"UNIT 21, 180 PACIFIC HIGHWAY",NE
"UNIT 23, 55 PACIFIC HIGHWAY",NE
"UNIT 24, 184 PACIFIC HIGHWAY",NW
"UNIT 24, 55 PACIFIC HIGHWAY",SW
"UNIT 27, 184 PACIFIC HIGHWAY",S
"UNIT 28, 184 PACIFIC HIGHWAY",NE
"UNIT 2, 170 PACIFIC HIGHWAY",SW
"UNIT 30, 180 PACIFIC HIGHWAY",SW
"UNIT 32, 180 PACIFIC HIGHWAY",SW
"UNIT 34, 180 PACIFIC HIGHWAY",NE
12 TELAK CLOSE,E
14 TELAK CLOSE,NE
41 ASHLEY STREET,NE
41A ASHLEY STREET,NW
2B VICTORIA AVENUE,NW
44 ALEXANDER AVENUE,NW
226 SYDNEY STREET,SW
4A CAMBRIDGE STREET,SW
19-21 BABBAGE ROAD,W
76 BABBAGE ROAD,W
303 EASTERN VALLEY WAY,W
305 EASTERN VALLEY WAY,NW
317 EASTERN VALLEY WAY,N
319 EASTERN VALLEY WAY,SW
323 EASTERN VALLEY WAY,SW
10 GLENROY AVENUE,W
11 GLENROY AVENUE,E
13A GLENROY AVENUE,NE
28 BLIGH STREET,SE
3 BLIGH STREET,NE
4A BLIGH STREET,NE
4 BLIGH STREET,W
5 BLIGH STREET,W
6 BLIGH STREET,W
7 BLIGH STREET,NE
8 BLIGH STREET,S
9 BLIGH STREET,NE
3 LAGUNA ROAD,N
10 NAROOMA ROAD,NW
15 NAROOMA ROAD,NW
16 NAROOMA ROAD,NW
53 STRATHALLEN AVENUE,SE
"UNIT 30, 60 STRATHALLEN AVENUE",NE
17 GLENROY AVENUE,NE
14 REMBRANDT DRIVE,NW
9 BYORA CRESCENT,W
19 GLENROY AVENUE,SW
4 GLENROY AVENUE,NW
9 GLENROY AVENUE,NW
221 EASTERN VALLEY WAY,SW
225 EASTERN VALLEY WAY,NW
243 EASTERN VALLEY WAY,NW
245 EASTERN VALLEY WAY,SW
98 WILLIAM STREET,SW
10 ALLAN STREET,W
11 ALLAN STREET,W
34 BROMBOROUGH ROAD,W
35 BROMBOROUGH ROAD,W
37 BROMBOROUGH ROAD,W
38 BROMBOROUGH ROAD,W
39 BROMBOROUGH ROAD,SE
40 BROMBOROUGH ROAD,S
32 PARK AVENUE,W
33 PARK AVENUE,W
63 PARK AVENUE,W
65 PARK AVENUE,W
67 PARK AVENUE,W
69 PARK AVENUE,W
429 PENSHURST STREET,W
431 PENSHURST STREET,N
437 PENSHURST STREET,NW
439 PENSHURST STREET,E
441 PENSHURST STREET,NE
443 PENSHURST STREET,SE
3 MELNOTTE AVENUE,E
5 MELNOTTE AVENUE,NW
6 MELNOTTE AVENUE,NE
7 MELNOTTE AVENUE,NE
8 MELNOTTE AVENUE,W
462 PENSHURST STREET,W
464 PENSHURST STREET,S
52 WILLIAM STREET,W
53 WILLIAM STREET,W
55 WILLIAM STREET,SW
58 WILLIAM STREET,S
120 BOUNDARY STREET,N
121 BOUNDARY STREET,N
122 BOUNDARY STREET,E
123 BOUNDARY STREET,NE
126 BOUNDARY STREET,NW
127 BOUNDARY STREET,SW
129 BOUNDARY STREET,SW
132 BOUNDARY STREET,W
133 BOUNDARY STREET,W
10 ECHO STREET,SW
2 ECHO STREET,SW
15 MARGARET STREET,SW
25 MARGARET STREET,SW
27 MARGARET STREET,SW
29 MARGARET STREET,NW
1A RAWHITI STREET,E
3 RAWHITI STREET,SE
96 WILLIAM STREET,S
9 SCOTT CRESCENT,N
"UNIT 5, 180 PACIFIC HIGHWAY",S
"UNIT 6, 180 PACIFIC HIGHWAY",SW
"UNIT 7, 180 PACIFIC HIGHWAY",SW
"UNIT 9, 180 PACIFIC HIGHWAY",SW
180 PACIFIC HIGHWAY,NE
10 GRIFFITH AVENUE,SW
11 GRIFFITH AVENUE,NW
14 GRIFFITH AVENUE,NE
18 GRIFFITH AVENUE,NE
18 BOUNDARY STREET,NW
39 WARRANE ROAD,E
47 WARRANE ROAD,NE
9 WARRANE ROAD,NE
37 BOUNDARY STREET,NE
38 BOUNDARY STREET,SW
39 BOUNDARY STREET,S
42 BOUNDARY STREET,NE
44 BOUNDARY STREET,NE
18 PACIFIC HIGHWAY,NE
149 BOUNDARY STREET,S
151 BOUNDARY STREET,E
16 BOUNDARY STREET,E
8 ALISON STREET,NE
9 ALISON STREET,SW
11 AMARNA PARADE,SW
15 AMARNA PARADE,NE
19 AMARNA PARADE,NE
33 DUNTROON AVENUE,SW
34 DUNTROON AVENUE,NE
35 DUNTROON AVENUE,NE
36 DUNTROON AVENUE,W
38 DUNTROON AVENUE,W
40 DUNTROON AVENUE,E
41 DUNTROON AVENUE,E
47 DUNTROON AVENUE,W
49 DUNTROON AVENUE,N
15 KING EDWARD STREET,E
2A KING EDWARD STREET,SW
5 KING EDWARD STREET,N
9 KING EDWARD STREET,E
161A PACIFIC HIGHWAY,S
"UNIT 4, 18 PACIFIC HIGHWAY",SE
"UNIT 5, 18 PACIFIC HIGHWAY",W
"UNIT 6, 18 PACIFIC HIGHWAY",W
41 ARCHBOLD ROAD,SE
45A ARCHBOLD ROAD,NW
45 ARCHBOLD ROAD,NW
5 ARCHBOLD ROAD,SW
51 ARCHBOLD ROAD,SW
53 ARCHBOLD ROAD,SE
55 ARCHBOLD ROAD,SE
59 ARCHBOLD ROAD,W
63 ARCHBOLD ROAD,SE
1 DUNTROON AVENUE,SE
10 DUNTROON AVENUE,NW
11 DUNTROON AVENUE,NW
12 DUNTROON AVENUE,NE
14 DUNTROON AVENUE,E
15 DUNTROON AVENUE,W
18 DUNTROON AVENUE,NW
23 PARADISE AVENUE,SW
24 PARADISE AVENUE,NW
26 PARADISE AVENUE,NE
3 PARADISE AVENUE,NW
53 VICTORIA STREET,NW
55 VICTORIA STREET,NW
57 VICTORIA STREET,SE
49 PARK AVENUE,SE
5 PARK AVENUE,SE
50 PARK AVENUE,NW
51 PARK AVENUE,SE
52 PARK AVENUE,W
54 PARK AVENUE,NW
56 PARK AVENUE,NW
57 PARK AVENUE,W
67 DUNTROON AVENUE,W
68 DUNTROON AVENUE,SE
69 DUNTROON AVENUE,NW
7 DUNTROON AVENUE,NW
8 DUNTROON AVENUE,SE
9 DUNTROON AVENUE,SE
2 LUXOR PARADE,NW
"UNIT 8, 55 PACIFIC HIGHWAY",SE
"UNIT 9, 55 PACIFIC HIGHWAY",SE
62 PACIFIC HIGHWAY,NW
64 PACIFIC HIGHWAY,SE
66 PACIFIC HIGHWAY,SE
4 LUXOR PARADE,W
6 LUXOR PARADE,SE
8 LUXOR PARADE,W
962 PACIFIC HIGHWAY,W
98 PACIFIC HIGHWAY,W
1 VICTORIA STREET,SE
"UNIT 1, 10 VICTORIA STREET",W
"UNIT 4, 10 VICTORIA STREET",W
"UNIT 5, 10 VICTORIA STREET",W
2 PARADISE AVENUE,NW
58 PARK AVENUE,W
8 GREGORY STREET,NW
1 HAIG STREET,W
15 ORMONDE ROAD,SE
21 ORMONDE ROAD,NW
24A ORMONDE ROAD,NW
24 ORMONDE ROAD,W
28 ORMONDE ROAD,SE
32 ORMONDE ROAD,NW
5 ORMONDE ROAD,NW
7 ORMONDE ROAD,SE
9 ORMONDE ROAD,NE
46 DUNTROON AVENUE,NE
105 BOUNDARY STREET,NW
108 BOUNDARY STREET,NW
109 BOUNDARY STREET,NW
11 BOUNDARY STREET,SW
111 BOUNDARY STREET,W
113 BOUNDARY STREET,SW
114 BOUNDARY STREET,S
115 BOUNDARY STREET,SW
34 BOUNDARY STREET,E
35 BOUNDARY STREET,NE
47 BOUNDARY STREET,W
48 BOUNDARY STREET,SW
49 BOUNDARY STREET,NW
69 BOUNDARY STREET,NW
74 BOUNDARY STREET,SE
7 WILLIAM STREET,SE
70 WILLIAM STREET,SE
76 WILLIAM STREET,N
78 WILLIAM STREET,NW
82 WILLIAM STREET,W
37 PENSHURST STREET,N
4 PENSHURST STREET,E
"UNIT 2, 48 PENSHURST STREET",SE
"UNIT 3, 48 PENSHURST STREET",E
5 PENSHURST STREET,W
79 PENSHURST STREET,W
126A PENSHURST STREET,W
126 PENSHURST STREET,W
128A PENSHURST STREET,E
11 CEVU AVENUE,NW
2 CEVU AVENUE,NW
3 CEVU AVENUE,W
4 CEVU AVENUE,W
5 CEVU AVENUE,W
7 CEVU AVENUE,W
9 CEVU AVENUE,E
13A WALTER STREET,SE
13 WALTER STREET,W
15 WALTER STREET,E
16 WALTER STREET,SW
17 WALTER STREET,NW
18A WALTER STREET,NW
21 WALTER STREET,NW
22 WALTER STREET,NW
29A WALTER STREET,NE
29 WALTER STREET,SW
3 WALTER STREET,W
31 WALTER STREET,S
28 PENSHURST STREET,W
24 EDINBURGH ROAD,W
60 EDINBURGH ROAD,W
13 SALISBURY ROAD,S
14 SALISBURY ROAD,E
17 SALISBURY ROAD,S
5 WALTER STREET,W
8 STEPHEN STREET,S
10 WALTER STREET,W
8 FRENCHS ROAD,W
9 FRENCHS ROAD,N
13 ARTARMON ROAD,W
17 ARTARMON ROAD,W
"UNIT 1, 2 ARTARMON ROAD",W
"UNIT 109, 2 ARTARMON ROAD",W
"UNIT 11, 2 ARTARMON ROAD",W
1 PENSHURST STREET,S
10 PENSHURST STREET,S
100 PENSHURST STREET,W
12 WALTER STREET,N
11 SALISBURY ROAD,S
93A BOUNDARY STREET,W
4B THE HIGH TOR,S
155 EASTERN VALLEY WAY,S
"UNIT 2, 7 WEETALIBAH ROAD",W
"UNIT 2, 190 PACIFIC HIGHWAY",W
"UNIT 4, 190 PACIFIC HIGHWAY",E
"UNIT 5, 190 PACIFIC HIGHWAY",E
"UNIT 6, 190 PACIFIC HIGHWAY",W
190 PACIFIC HIGHWAY,W
12 SPEARMAN STREET,W
16 SPEARMAN STREET,SW
20 SPEARMAN STREET,W
22 SPEARMAN STREET,E
7 THOMAS AVENUE,E
"UNIT 12, 22 NEEWORRA ROAD",SW
16 THE RAMPART,N
90 BOUNDARY STREET,W
92 BOUNDARY STREET,N
93 BOUNDARY STREET,W
97 BOUNDARY STREET,N
43 DUNTROON AVENUE,S
50 DUNTROON AVENUE,S
51 DUNTROON AVENUE,S
54 DUNTROON AVENUE,N
55 DUNTROON AVENUE,E
58 DUNTROON AVENUE,S
59 DUNTROON AVENUE,W
6 DUNTROON AVENUE,N
"UNIT 5, 12 AMAROO AVENUE",NE
112-116 PACIFIC HIGHWAY,W
54B KAMERUKA ROAD,W
"UNIT 2, 77 WARRANE ROAD",W
"UNIT 8, 77 WARRANE ROAD",E
"APARTMENT 209A, 34 PENSHURST STREET",E
"UNIT 4, 1 VICTORIA STREET",E
"UNIT 6, 3 VICTORIA STREET",E
"UNIT 106, 5 VICTORIA STREET",W
"UNIT 2, 5 VICTORIA STREET",E
"UNIT 402, 5 VICTORIA STREET",N
"UNIT 302, 1 VICTORIA STREET",E
"UNIT 107, 3 VICTORIA STREET",S
"UNIT 3, 1 VICTORIA STREET",N
"UNIT 203, 5 VICTORIA STREET",N
45 PENSHURST STREET,N
"UNIT 2, 63 PENSHURST STREET",N
"UNIT 17, 71-77 PENSHURST STREET",E
"UNIT 6, 25 PACIFIC HIGHWAY",W
"UNIT 2, 67 PACIFIC HIGHWAY",E
"UNIT 11, 36 PACIFIC HIGHWAY",W
"UNIT 8, 36 PACIFIC HIGHWAY",W
"UNIT 12, 26A PACIFIC HIGHWAY",W
"UNIT 9, 26A PACIFIC HIGHWAY",N
81B PACIFIC HIGHWAY,W
"UNIT 6, 26A PACIFIC HIGHWAY",W
"UNIT 18, 25 PACIFIC HIGHWAY",W
"UNIT 5, 36 PACIFIC HIGHWAY",W
"UNIT 10, 36 PACIFIC HIGHWAY",W
"UNIT 3, 36 PACIFIC HIGHWAY",W
"UNIT 5, 26A PACIFIC HIGHWAY",W
"UNIT 8, 26A PACIFIC HIGHWAY",W
"UNIT 4, 25 PACIFIC HIGHWAY",E
"UNIT 14, 26A PACIFIC HIGHWAY",E
"UNIT 6, 36 PACIFIC HIGHWAY",E
"UNIT 17, 25 PACIFIC HIGHWAY",E
"UNIT 20, 25 PACIFIC HIGHWAY",W
"UNIT 9, 25 PACIFIC HIGHWAY",S
"UNIT 3, 67 PACIFIC HIGHWAY",S
"UNIT 15, 26A PACIFIC HIGHWAY",W
"UNIT 1, 25 PACIFIC HIGHWAY",W
"UNIT 2, 60 WILLIAM STREET",W
"UNIT 13, 177 PACIFIC HIGHWAY",W
"UNIT 15, 182 PACIFIC HIGHWAY",W
26 SALISBURY ROAD,E
"UNIT 4, 139 SYDNEY STREET",E
8A SUMMERVILLE CRESCENT,E
"UNIT 1, 26A PACIFIC HIGHWAY",NE
942A PACIFIC HIGHWAY,N
"UNIT 4, 142 PACIFIC HIGHWAY",SW
"UNIT 2, 148 PACIFIC HIGHWAY",SW
"UNIT 6, 148 PACIFIC HIGHWAY",E
"UNIT 20, 16 TRAFALGAR AVENUE",NE
"UNIT 25, 16 TRAFALGAR AVENUE",SW
"UNIT 28, 16 TRAFALGAR AVENUE",NE
1A PARADISE AVENUE,SW
"UNIT 6, 67 PACIFIC HIGHWAY",SW
"UNIT 1, 83 PACIFIC HIGHWAY",W
43 TUNKS STREET,N
46 TUNKS STREET,E
49 TUNKS STREET,NW
111 KAMERUKA ROAD,NE
116 KAMERUKA ROAD,W
122 KAMERUKA ROAD,SW
124 KAMERUKA ROAD,W
13 KAMERUKA ROAD,NW
17 KAMERUKA ROAD,N
18 KAMERUKA ROAD,SW
19 KAMERUKA ROAD,N
11A THE OUTPOST,SW
"UNIT 614, 1015 PACIFIC HIGHWAY",NE
"UNIT 605, 1015 PACIFIC HIGHWAY",N
17A ARTARMON ROAD,W
8 REMBRANDT DRIVE,S
79 REMBRANDT DRIVE,S
6 REMBRANDT DRIVE,W
"UNIT 117, 1015 PACIFIC HIGHWAY",N
"UNIT 611, 1015 PACIFIC HIGHWAY",N
"UNIT 519, 1015 PACIFIC HIGHWAY",S
"UNIT 416, 1015 PACIFIC HIGHWAY",N
"UNIT 607, 1015 PACIFIC HIGHWAY",NE
64A TYNESIDE AVENUE,NW
41 ALEXANDER AVENUE,E
"UNIT 419, 1015 PACIFIC HIGHWAY",E
"UNIT 305, 1015 PACIFIC HIGHWAY",SW
"UNIT 406, 1015 PACIFIC HIGHWAY",S
"UNIT 318, 1015 PACIFIC HIGHWAY",W
"UNIT 108, 1015 PACIFIC HIGHWAY",E
"UNIT 404, 1015 PACIFIC HIGHWAY",W
266 EASTERN VALLEY WAY,S
272 EASTERN VALLEY WAY,SW
274 EASTERN VALLEY WAY,W
276 EASTERN VALLEY WAY,SE
278 EASTERN VALLEY WAY,W
282 EASTERN VALLEY WAY,NW
286 EASTERN VALLEY WAY,SW
288 EASTERN VALLEY WAY,E
290A EASTERN VALLEY WAY,NW
294 EASTERN VALLEY WAY,N
298 EASTERN VALLEY WAY,N
10 THE OUTPOST,SW
8B HARDEN AVENUE,NE
446 PENSHURST STREET,NE
448 PENSHURST STREET,SW
456 PENSHURST STREET,NW
36A WILLIAM STREET,SW
39 FRENCHS ROAD,SE
9 ROCKLEY STREET,W
15 MINNAMURRA ROAD,E
9 PYALLA STREET,E
1 WEEMALA ROAD,W
12 WEEMALA ROAD,NE
13 WEEMALA ROAD,S
15 WEEMALA ROAD,W
33 WEEMALA ROAD,NW
34 WEEMALA ROAD,N
36 WEEMALA ROAD,W
42 TYNESIDE AVENUE,W
66 WARRANE ROAD,E
72 WARRANE ROAD,W
120-128 SYDNEY STREET,S
16 VICTORIA AVENUE,NW
16 HARDEN AVENUE,W
1 WIDGIEWA ROAD,NW
75 GRIFFITH AVENUE,NE
3 ROSEWALL STREET,NW
29 ROSEWALL STREET,NW
27 ROSEWALL STREET,NW
10 ALEXANDER AVENUE,SW
58 WARRANE ROAD,W
56 WARRANE ROAD,E
53 WARRANE ROAD,E
52 WARRANE ROAD,NE
49 WARRANE ROAD,SW
44 WARRANE ROAD,N
38 WARRANE ROAD,N
9A BLAKESLEY STREET,SE
"UNIT 2, 1A MABEL STREET",SW
"UNIT 1, 1A MABEL STREET",NW
468B PENSHURST STREET,N
"UNIT 4, 147-153 SYDNEY STREET",NW
"UNIT 18, 147-153 SYDNEY STREET",SW
"UNIT 16, 147-153 SYDNEY STREET",SW
"UNIT 14, 147-153 SYDNEY STREET",SE
"UNIT 13, 147-153 SYDNEY STREET",N
"UNIT 12, 147-153 SYDNEY STREET",W
"UNIT 10, 147-153 SYDNEY STREET",E
"UNIT 1, 147-153 SYDNEY STREET",E
144 SYDNEY STREET,E
"UNIT 8, 2-4 CHURCH STREET",NE
"UNIT 7, 2-4 CHURCH STREET",W
"UNIT 6, 2-4 CHURCH STREET",W
"UNIT 4, 2-4 CHURCH STREET",W
"UNIT 3, 2-4 CHURCH STREET",E
"UNIT 2, 2-4 CHURCH STREET",W
"UNIT 14, 2-4 CHURCH STREET",W
"UNIT 13, 2-4 CHURCH STREET",E
"UNIT 12, 2-4 CHURCH STREET",N
"UNIT 11, 2-4 CHURCH STREET",N
"UNIT 1, 2-4 CHURCH STREET",NE
"UNIT 9, 1-3 CHURCH STREET",NE
"UNIT 7, 1-3 CHURCH STREET",N
2 ALEXANDER AVENUE,E
19 ALEXANDER AVENUE,W
16 ALEXANDER AVENUE,W
15 ALEXANDER AVENUE,S
13 ALEXANDER AVENUE,N
11 ALEXANDER AVENUE,N
97 WARRANE ROAD,NE
94 WARRANE ROAD,W
92 WARRANE ROAD,W
90 WARRANE ROAD,E
"UNIT 10, 12 AMAROO AVENUE",W
"UNIT 8, 12 AMAROO AVENUE",S
1A WALTER STREET,NE
77 WARRANE ROAD,NE
1 TENILBA ROAD,NE
10 TENILBA ROAD,NE
11 TENILBA ROAD,NE
12 TENILBA ROAD,NW
14 TENILBA ROAD,NW
"UNIT 2, 2 TENILBA ROAD",NW
2 TENILBA ROAD,NW
3A TENILBA ROAD,NW
3 TENILBA ROAD,NW
4 TENILBA ROAD,W
7 TENILBA ROAD,W
8 TENILBA ROAD,NW
15 TELAK CLOSE,W
8 THE RAMPART,SE
1 THE BARRICADE,E
15 THE BARRICADE,W
7 THE RAMPART,W
9 THE RAMPART,E
14 THE BARBETTE,NE
16 THE BARBETTE,SW
18 THE BARBETTE,SW
2 THE BARBETTE,SW
4 THE BARBETTE,SW
5 THE BARBETTE,W
9 THE BARBETTE,W
72 SUGARLOAF CRESCENT,SW
73 SUGARLOAF CRESCENT,SW
3A HARDEN AVENUE,NW
1 EDITH STREET,S
11 EDITH STREET,SW
13 EDITH STREET,SW
15A EDITH STREET,SW
15 EDITH STREET,SW
17 EDITH STREET,SW
3 THE RAMPART,NE
"UNIT 64, 16 TRAFALGAR AVENUE",NW
10 HARBOUR LANE,NW
"UNIT 3, 180 PACIFIC HIGHWAY",SW
"UNIT 10, 184 PACIFIC HIGHWAY",SW
"UNIT 12, 184 PACIFIC HIGHWAY",SW
"UNIT 14, 184 PACIFIC HIGHWAY",SW
62 GRIFFITH AVENUE,SW
63 GRIFFITH AVENUE,SW
65 GRIFFITH AVENUE,SW
7 GRIFFITH AVENUE,NW
9 GRIFFITH AVENUE,NE
1 KOONGARA ROAD,SW
10 KOONGARA ROAD,SW
25 DUNTROON AVENUE,NW
26 DUNTROON AVENUE,NE
29 DUNTROON AVENUE,SW
3 DUNTROON AVENUE,E
33 CALGA STREET,E
34 CALGA STREET,E
37 CALGA STREET,E
5 CALGA STREET,NE
6 CALGA STREET,E
7 CALGA STREET,E
8 CALGA STREET,E
3 THE GROVE,SW
1 THOMAS AVENUE,W
45 BABBAGE ROAD,W
7 DUDLEY AVENUE,W
8 DUDLEY AVENUE,W
14 ALLAN STREET,W
16 ALLAN STREET,W
17 ALLAN STREET,SW
4 ALLAN STREET,SW
5 ALLAN STREET,W
16A DEEPWATER ROAD,SE
24 BYORA CRESCENT,E
212 SYDNEY STREET,W
"UNIT 6, 147-153 SYDNEY STREET",W
"UNIT 5, 147-153 SYDNEY STREET",W
"UNIT 102, 1-11 VICTORIA STREET",E
134 EASTERN VALLEY WAY,SE
108 EASTERN VALLEY WAY,E
52A PENSHURST STREET,W
11 PYALLA STREET,NW
13 PYALLA STREET,W
14 PYALLA STREET,NW
15 PYALLA STREET,NW
16 PYALLA STREET,SE
17 PYALLA STREET,E
20 PYALLA STREET,W
21 PYALLA STREET,W
23 PYALLA STREET,W
6 PYALLA STREET,W
7 PYALLA STREET,W
"UNIT 105, 2 ARTARMON ROAD",W
"UNIT 2, 24 HORSLEY AVENUE",W
24A HORSLEY AVENUE,E
"UNIT 8, 139 SYDNEY STREET",W
"UNIT 3, 139 SYDNEY STREET",W
2A WALTER STREET,E
"UNIT 3, 490 PENSHURST STREET",W
"UNIT 4, 490 PENSHURST STREET",W
"UNIT 1, 457 PENSHURST STREET",NW
68D MOWBRAY PLACE,E
68B MOWBRAY PLACE,E
22 FRENCHS ROAD,NW
48 FRENCHS ROAD,W
44 GRIFFITH AVENUE,W
"UNIT 1, 12 FRENCHS ROAD",S
30 FRENCHS ROAD,W
"UNIT 2, 188 PACIFIC HIGHWAY",W
"UNIT 14, 182 PACIFIC HIGHWAY",E
"UNIT 12, 182 PACIFIC HIGHWAY",E
"UNIT 8, 182 PACIFIC HIGHWAY",E
106B SYDNEY STREET,SW
"UNIT 8, 143 SYDNEY STREET",NE
"UNIT 18, 143 SYDNEY STREET",S
10 BOUNDARY STREET,N
"UNIT 1, 8 BOUNDARY STREET",S
"UNIT 3, 8 BOUNDARY STREET",N
"UNIT 1, 60 BOUNDARY STREET",N
"UNIT 15, 143 SYDNEY STREET",E
"UNIT 13, 143 SYDNEY STREET",E
"UNIT 10, 143 SYDNEY STREET",E
"UNIT 15, 139 SYDNEY STREET",E
161 SYDNEY STREET,E
"UNIT 11, 143 SYDNEY STREET",E
"UNIT 3, 143 SYDNEY STREET",E
3A HUDSON AVENUE,E
"UNIT 24, 2 ARTARMON ROAD",E
27A ARCHBOLD ROAD,E
"UNIT 12, 139 SYDNEY STREET",E
"UNIT 1, 73 GRIFFITH AVENUE",S
"UNIT 17, 118-122 PACIFIC HIGHWAY",S
"UNIT 5, 136 PACIFIC HIGHWAY",E
"UNIT 3, 148 PACIFIC HIGHWAY",S
170A PACIFIC HIGHWAY,S
"UNIT 1, 136 PACIFIC HIGHWAY",E
"UNIT 5, 143 SYDNEY STREET",S
"UNIT 2, 2-14 PACIFIC HIGHWAY",S
"UNIT 5, 2-14 PACIFIC HIGHWAY",E
"UNIT 7, 2-14 PACIFIC HIGHWAY",S
"UNIT 8, 2-14 PACIFIC HIGHWAY",S
"UNIT 9, 2-14 PACIFIC HIGHWAY",E
"UNIT 11, 2-14 PACIFIC HIGHWAY",S
1-3 CHURCH STREET,S
87A PENSHURST STREET,E
102 PENSHURST STREET,S
66 PENSHURST STREET,S
96-98 PENSHURST STREET,E
39 PENSHURST STREET,S
"SHOP 2, 100 PENSHURST STREET",S
"SHOP 6, 71-77 PENSHURST STREET",E
"SHOP 7, 71-77 PENSHURST STREET",S
"SHOP 9, 71-77 PENSHURST STREET",S
48A EDINBURGH ROAD,E
"UNIT 3, 25 PACIFIC HIGHWAY",S
"SUITE 1, 63 PENSHURST STREET",S
"UNIT 1, 67 PENSHURST STREET",E
"SUITE 11, 71-77 PENSHURST STREET",S
"UNIT 14, 71-77 PENSHURST STREET",S
"SUITE 15, 71-77 PENSHURST STREET",E
"SUITE 19, 71-77 PENSHURST STREET",NW
"UNIT 2, 136 PACIFIC HIGHWAY",NW
"UNIT 7, 25 PACIFIC HIGHWAY",E
10 TRAFALGAR AVENUE,S
82 MACQUARIE STREET,S
49 WARRANE ROAD,E
"UNIT 7, 139 SYDNEY STREET",S
"UNIT 10, 139 SYDNEY STREET",S
"UNIT 11, 139 SYDNEY STREET",E
"UNIT 4, 143 SYDNEY STREET",S
"UNIT 6, 143 SYDNEY STREET",S
133-137 SYDNEY STREET,E
139 SYDNEY STREET,S
"UNIT 20, 177 PACIFIC HIGHWAY",S
"UNIT 13, 118-122 PACIFIC HIGHWAY",E
"UNIT 19, 118-122 PACIFIC HIGHWAY",S
"UNIT 1, 118-122 PACIFIC HIGHWAY",S
"UNIT 8, 136 PACIFIC HIGHWAY",E
"UNIT 7, 142 PACIFIC HIGHWAY",S
"UNIT 7, 136 PACIFIC HIGHWAY",S
7A WILLIAM STREET,E
"UNIT 1, 5A WILLIAM STREET",S
"UNIT 16, 177 PACIFIC HIGHWAY",S
"UNIT 3, 188 PACIFIC HIGHWAY",E
"UNIT 17, 177 PACIFIC HIGHWAY",S
"UNIT 7, 177 PACIFIC HIGHWAY",S
"UNIT 8, 177 PACIFIC HIGHWAY",E
"UNIT 5, 177 PACIFIC HIGHWAY",S
"UNIT 4, 188 PACIFIC HIGHWAY",S
"UNIT 6, 142 PACIFIC HIGHWAY",E
"UNIT 1, 67 PACIFIC HIGHWAY",S
"UNIT 11, 25 PACIFIC HIGHWAY",S
130 PACIFIC HIGHWAY,E
"UNIT 3, 177 PACIFIC HIGHWAY",S
"UNIT 11, 177 PACIFIC HIGHWAY",S
163 PACIFIC HIGHWAY,E
"UNIT 2, 163 PACIFIC HIGHWAY",SE
"UNIT 3, 163 PACIFIC HIGHWAY",SE
"UNIT 5, 163 PACIFIC HIGHWAY",S
"UNIT 6, 163 PACIFIC HIGHWAY",S
"UNIT 4, 132 PACIFIC HIGHWAY",E
"UNIT 5, 118-122 PACIFIC HIGHWAY",S
"UNIT 6, 118-122 PACIFIC HIGHWAY",S
"UNIT 15, 118-122 PACIFIC HIGHWAY",E
"UNIT 16, 118-122 PACIFIC HIGHWAY",S
"UNIT 20, 118-122 PACIFIC HIGHWAY",S
"UNIT 3, 962 PACIFIC HIGHWAY",E
"UNIT 23, 25 PACIFIC HIGHWAY",NW
21 KING EDWARD STREET,NW
36 SALISBURY ROAD,NW
24 VICTORIA STREET,NW
"UNIT 13, 2-14 PACIFIC HIGHWAY",NW
"UNIT 17, 2-14 PACIFIC HIGHWAY",NW
"UNIT 19, 2-14 PACIFIC HIGHWAY",NW
"UNIT 20, 2-14 PACIFIC HIGHWAY",NW
"UNIT 24, 2-14 PACIFIC HIGHWAY",W
"UNIT 25, 2-14 PACIFIC HIGHWAY",SE
96B PACIFIC HIGHWAY,E
"UNIT 1, 110 PACIFIC HIGHWAY",NW
"UNIT 2, 110 PACIFIC HIGHWAY",NW
"UNIT 1, 132A PACIFIC HIGHWAY",W
"UNIT 5, 132 PACIFIC HIGHWAY",W
"UNIT 6, 132 PACIFIC HIGHWAY",W
123 SYDNEY STREET,NW
488 PENSHURST STREET,W
490 PENSHURST STREET,NW
"UNIT 2, 478-484 PENSHURST STREET",NW
"UNIT 4, 478-484 PENSHURST STREET",SE
"UNIT 3, 478-484 PENSHURST STREET",NW
"UNIT 1, 478-484 PENSHURST STREET",NW
29D BABBAGE ROAD,NW
29E BABBAGE ROAD,NW
"UNIT 1, 31 BABBAGE ROAD",NW
25 BARANA PARADE,NW
958C PACIFIC HIGHWAY,NW
"UNIT 1, 36 PACIFIC HIGHWAY",NW
"UNIT 1, 490 PENSHURST STREET",NW
"UNIT 7, 100 PENSHURST STREET",NW
"UNIT 104, 2 ARTARMON ROAD",NW
19 BABBAGE ROAD,NW
29A BABBAGE ROAD,NW
29B BABBAGE ROAD,NW
"UNIT 7, 118-122 PACIFIC HIGHWAY",W
"UNIT 18, 118-122 PACIFIC HIGHWAY",NW
"UNIT 8, 142 PACIFIC HIGHWAY",SE
"UNIT 17, 16 TRAFALGAR AVENUE",SE
22A ORMONDE ROAD,NW
28 SCOTT CRESCENT,SE
86A PACIFIC HIGHWAY,E
106B PACIFIC HIGHWAY,W
105B MACQUARIE STREET,W
"UNIT 46, 16 TRAFALGAR AVENUE",S
"UNIT 48, 16 TRAFALGAR AVENUE",NW
"UNIT 51, 16 TRAFALGAR AVENUE",NW
28 OAKVILLE ROAD,S
2 OAKVILLE ROAD,S
31A OAKVILLE ROAD,S
33 OAKVILLE ROAD,S
41 TYNESIDE AVENUE,S
43 TYNESIDE AVENUE,S
49 TYNESIDE AVENUE,S
161A ASHLEY STREET,S
43A ASHLEY STREET,W
89 ASHLEY STREET,W
97 ASHLEY STREET,W
97A ASHLEY STREET,W
68 MACQUARIE STREET,W
70 MACQUARIE STREET,W
"UNIT 20, 34 PENSHURST STREET",W
"UNIT 23, 34 PENSHURST STREET",W
"UNIT 24, 34 PENSHURST STREET",N
"UNIT 25, 34 PENSHURST STREET",NE
"UNIT 26, 34 PENSHURST STREET",NW
"UNIT 27, 34 PENSHURST STREET",NW
"UNIT 28, 34 PENSHURST STREET",W
"UNIT 29, 34 PENSHURST STREET",S
985 PACIFIC HIGHWAY,S
"UNIT 1, 4 SPEARMAN STREET",S
"UNIT 2, 4 SPEARMAN STREET",N
6A SPEARMAN STREET,SW
"UNIT 1, 220 SYDNEY STREET",S
"UNIT 1, 224 SYDNEY STREET",S
"UNIT 11, 12 AMAROO AVENUE",N
